state,district,Start_Avg,End_Avg,Growth_Pct,Total_Volume,Quadrant
Chhattisgarh,Dakshin Bastar Dantewada,912.4943627854445,775.3690481797671,-15.011073980528167,10022.967340457471,STABLE/DECLINING
Manipur,Imphal West,1042.3821416401868,855.7938075051288,-17.883029303313826,11400.434259860991,STABLE/DECLINING
Himachal Pradesh,Chamba,1240.192305973687,969.0560628198155,-21.844821455058202,13722.682731474328,STABLE/DECLINING
Maharashtra,Buldana,1332.6478180349054,1016.2927842335553,-23.721032608705563,13655.583703696515,STABLE/DECLINING
Manipur,Thoubal,1159.6090613565236,878.8817350741493,-24.18793163257396,11857.579475954231,STABLE/DECLINING
Andhra Pradesh,Nalgonda,1365.1278828652771,1030.8295725670632,-24.470499028031423,15279.843761138169,STABLE/DECLINING
Arunachal Pradesh,Upper Siang,54.42044993160283,40.23702180588687,-25.59240883684713,627.4263979678701,STABLE/DECLINING
Andhra Pradesh,Medak,858.9666726900209,637.1367643303063,-25.795175022983045,9253.409930236983,STABLE/DECLINING
Manipur,Imphal East,1024.7511562498778,732.7215973017176,-28.469824983265283,10547.838379496021,STABLE/DECLINING
Chhattisgarh,Uttar Bastar Kanker,1250.691138732934,888.570636296711,-28.930499803872667,12421.20753345771,STABLE/DECLINING
Chhattisgarh,Narayanpur,1021.3309354095404,712.240032237652,-30.233938196154476,10312.869886221335,STABLE/DECLINING
Jammu and Kashmir,Ramban,1186.5430176806221,824.8260256492835,-30.459274876442315,11895.74778923381,STABLE/DECLINING
Jammu and Kashmir,Pulwama,829.8767392905785,559.1756446941291,-32.5801748677644,8154.97725216128,STABLE/DECLINING
Chhattisgarh,Bijapur,1271.5958586092327,845.1275615255277,-33.511683555985684,13238.563110304138,STABLE/DECLINING
Karnataka,Gadag,1201.2758570266788,779.655744989411,-35.06850025916406,12512.792772672383,STABLE/DECLINING
Telangana,Medchalâˆ’malkajgiri,274.29827858436914,169.88777501252477,-37.92631908515413,2692.806378005346,STABLE/DECLINING
Jammu and Kashmir,Anantnag,1336.3091116035646,819.947509090331,-38.61198566829964,12130.637497815782,STABLE/DECLINING
Odisha,Jharsuguda,867.278087655899,513.2144323043772,-40.777679453755624,8241.403849263723,STABLE/DECLINING
Jammu and Kashmir,Punch,1327.3294712079419,775.5625270558727,-41.53841016945211,12041.290543709601,STABLE/DECLINING
Andhra Pradesh,Ananthapur,2035.5691395127214,1187.004957908994,-41.66635765711145,19004.609767058657,STABLE/DECLINING
Jammu and Kashmir,Udhampur,1005.1062056149706,584.5326336409364,-41.80210494944354,9336.808934059078,STABLE/DECLINING
Chhattisgarh,Sukma,1521.9309965237717,875.9652591426266,-42.41595573638074,13659.180482517655,STABLE/DECLINING
Andhra Pradesh,Warangal,1508.0568382209078,861.4885762000853,-42.84585216704559,13953.223373779367,STABLE/DECLINING
Odisha,Gajapati,1207.355171869594,689.0150392606321,-42.8963391456317,11311.13736642861,STABLE/DECLINING
Uttarakhand,Champawat,926.7016604747697,518.6649254901649,-43.983615893905366,8427.830704319349,STABLE/DECLINING
Madhya Pradesh,Panna,1276.5243435322295,705.6014678043676,-44.68978447403328,11724.908118190973,STABLE/DECLINING
Gujarat,Narmada,860.1099171083185,468.0983087443784,-45.523991836065356,7925.085018937595,STABLE/DECLINING
Odisha,Koraput,1534.5219052782725,833.0375315300334,-45.68377509542032,14084.180271646797,STABLE/DECLINING
Andhra Pradesh,Mahabub Nagar,557.4417154943959,299.21913742930843,-46.239843998129615,5367.936012866718,STABLE/DECLINING
Punjab,Mansa,1060.4854531811802,566.290627789848,-46.55690983896887,9619.59080325892,STABLE/DECLINING
Maharashtra,Sindhudurg,1584.7608463674148,845.0964877108139,-46.64413050372562,14076.800008550814,STABLE/DECLINING
Madhya Pradesh,Jhabua,1225.1211601300076,647.4417716862731,-47.11438047300988,11169.098759180808,STABLE/DECLINING
Himachal Pradesh,Una,1046.1870012800464,551.3135218317648,-47.257412366975984,9316.577680683939,STABLE/DECLINING
Uttarakhand,Pithoragarh,952.0205932502396,500.8144638753936,-47.34484570118523,8419.252674833315,STABLE/DECLINING
Himachal Pradesh,Mandi,1269.653397169784,664.1295145225486,-47.65452829197652,11307.54674878855,STABLE/DECLINING
Jammu and Kashmir,Doda,909.960938695971,473.70493800219566,-47.88964950772425,7962.6785467388345,STABLE/DECLINING
Odisha,Bargarh,1540.6837624096916,799.9292963653487,-48.048405522966945,13903.68390032311,STABLE/DECLINING
Jammu and Kashmir,Srinagar,1559.1105987407632,809.4552343900181,-48.05142436413331,13084.370971789202,STABLE/DECLINING
Jammu and Kashmir,Rajouri,970.2506542034583,503.5203222509749,-48.05457066438304,8440.531167517689,STABLE/DECLINING
Himachal Pradesh,Solan,989.3389051821446,510.07406966237716,-48.39402279481491,8852.980707318125,STABLE/DECLINING
Goa,North Goa,970.7669705187409,499.6222323026018,-48.48330438362567,8566.97371562673,STABLE/DECLINING
Rajasthan,Dholpur,1332.1040612071386,685.4891647909669,-48.50445777133524,12067.25232534149,STABLE/DECLINING
Himachal Pradesh,Shimla,1101.0518056302253,565.3183878052771,-48.61236242143633,9806.547353445825,STABLE/DECLINING
Uttarakhand,Pauri Garhwal,1741.5931404360165,887.4813468181446,-49.01383884732631,15075.108968802433,STABLE/DECLINING
Odisha,Nabarangapur,1163.3806398040365,588.8687019008931,-49.34056083239523,10605.900566986607,STABLE/DECLINING
Tripura,North Tripura,1076.8965827338072,544.9110579473211,-49.35404131602698,9621.91414058731,STABLE/DECLINING
Jammu and Kashmir,Kathua,1105.996704775064,558.6754095860006,-49.44199859206232,9663.45039924326,STABLE/DECLINING
Karnataka,Udupi,819.3830485727591,413.02314748701747,-49.5329470535375,7472.918554019673,STABLE/DECLINING
West Bengal,Uttar Dinajpur,1242.9369052134703,624.4506750484451,-49.720064383722715,10911.922374142754,STABLE/DECLINING
Uttar Pradesh,Auraiya,1386.6581497711295,694.7317888125409,-49.86288309355658,12707.173358011585,STABLE/DECLINING
Punjab,SAS Nagar (Mohali),939.4397238221618,470.2652985946211,-49.8888353334022,8612.814452976674,STABLE/DECLINING
Tripura,South Tripura,1236.8058026582007,617.0858783230439,-50.066005750199416,10903.684322135141,STABLE/DECLINING
Gujarat,Patan,1548.9047042576356,772.2813370047144,-50.10781405589086,13768.093063235117,STABLE/DECLINING
Gujarat,Surendra Nagar,1513.9739359094624,748.2879699953985,-50.541197294883546,13317.591058737999,STABLE/DECLINING
Jammu and Kashmir,Baramula,1272.8068294844084,627.1829238436324,-50.684600733543064,10870.179155266089,STABLE/DECLINING
Odisha,Kendrapara,1763.7006269290187,862.2268497507596,-51.083666171016716,15497.7053274172,STABLE/DECLINING
Gujarat,Valsad,1554.244536581109,758.5576581288625,-51.161528604460074,13659.93028754797,STABLE/DECLINING
Karnataka,Vijayapura,1353.7406476264941,660.6075084007717,-51.163530114792955,11957.396911315296,STABLE/DECLINING
Uttar Pradesh,Gautam Buddha Nagar,1547.428687163156,753.1338912513193,-51.296827712940896,13625.86762201151,STABLE/DECLINING
Punjab,Barnala,965.289106897377,466.6112973534274,-51.60751642385127,8356.832719343915,STABLE/DECLINING
Odisha,Nayagarh,972.2085746139352,467.96582858772274,-51.81240272428158,8406.547386192458,STABLE/DECLINING
Odisha,Sambalpur,917.3730203203736,441.090990691784,-51.86150062013354,7985.946340468712,STABLE/DECLINING
Karnataka,Davangere,1571.5010899848696,753.6747458227005,-52.00799855534842,13835.25338180983,STABLE/DECLINING
Karnataka,Bagalkot,1733.3685055250662,830.9324749870184,-52.032542545786285,15092.689909223634,STABLE/DECLINING
Andhra Pradesh,Ananthapuramu,1776.0365401770293,849.4037979660483,-52.14483333689185,15316.398796500716,STABLE/DECLINING
Karnataka,Ramanagar,1149.9011321996832,549.3929439518137,-52.17721761209289,10290.104550002454,STABLE/DECLINING
Odisha,Jagatsinghapur,1154.7942370258688,551.7313403618599,-52.17735798854925,10048.08162433882,STABLE/DECLINING
Punjab,Sri Muktsar Sahib,1169.8865152553954,555.4451553531187,-52.4765937515519,10106.636358004671,STABLE/DECLINING
Uttarakhand,Almora,1107.4592991637116,521.4194699475917,-52.86976523705144,9374.420822776467,STABLE/DECLINING
Uttar Pradesh,Baghpat,1320.6062349671536,621.1934189277034,-52.9214222462285,11507.451409053068,STABLE/DECLINING
Telangana,Khammam,1895.968222364286,887.9952310463152,-53.13599771648698,16684.02448109198,STABLE/DECLINING
Gujarat,Bhavnagar,2328.679812873434,1090.5005571268857,-53.14804416059966,20046.929332111562,STABLE/DECLINING
Kerala,Pathanamthitta,1017.978880084301,475.63418335219603,-53.22433146869897,8755.16348378888,STABLE/DECLINING
Punjab,Moga,1115.1771656882681,519.8501495870382,-53.336247542220015,9607.447502516497,STABLE/DECLINING
Odisha,Kandhamal,1139.2690481862276,530.3028061018013,-53.4054873324046,9990.130710247775,STABLE/DECLINING
Uttar Pradesh,Chandauli,1533.5735359219218,713.9538091343386,-53.41026074030283,13036.771507731088,STABLE/DECLINING
Madhya Pradesh,Hoshangabad,1545.925051819728,718.0902390573667,-53.51486239029721,13292.091334087461,STABLE/DECLINING
Uttarakhand,Chamoli,1169.758283626076,542.3445288969031,-53.590375016262556,9947.313363256219,STABLE/DECLINING
Andhra Pradesh,Alluri Sitharama Raju,572.9995076838393,265.09532857515654,-53.6418890586013,5199.873861506474,STABLE/DECLINING
Jammu and Kashmir,Kupwara,1022.8038013165735,473.3384833363405,-53.66900545530707,8690.9845268899,STABLE/DECLINING
Karnataka,Chikkaballapur,1176.527477922341,544.3622299401904,-53.685817090023136,10148.05814190638,STABLE/DECLINING
Chhattisgarh,Kabeerdham,1947.6197442899288,900.1413370475848,-53.75489036851785,15811.649962154986,STABLE/DECLINING
Uttar Pradesh,Mainpuri,1699.3654587330243,784.9438724498605,-53.7779441229368,14431.766982473706,STABLE/DECLINING
Madhya Pradesh,Rajgarh,2005.440289258734,924.5938325467912,-53.868857323995144,17216.40191551072,STABLE/DECLINING
Punjab,Ferozepur,1030.024526031426,474.6129229807823,-53.86987302702774,8638.354453758595,STABLE/DECLINING
Tripura,West Tripura,1804.9020698043187,830.7405633076188,-53.94320781758984,15048.541509894332,STABLE/DECLINING
Andhra Pradesh,Rangareddi,1549.896312861589,712.669002637552,-53.98344836343395,12853.752548096807,STABLE/DECLINING
Punjab,Fazilka,1213.589541986225,556.7293694478357,-54.08083552771434,10265.240023872908,STABLE/DECLINING
Tamil Nadu,Kanyakumari,1092.62333013757,501.158852541064,-54.08301572371394,9530.332162438657,STABLE/DECLINING
Rajasthan,Rajsamand,1341.5383764854225,614.504363597287,-54.15368570628192,11622.265619142994,STABLE/DECLINING
Punjab,Fatehgarh Sahib,1055.0718267646707,481.5486899188395,-54.30720925515533,8804.549136412788,STABLE/DECLINING
Gujarat,Dahod,1979.418898075463,903.5729821889802,-54.32415924388378,16605.33256119593,STABLE/DECLINING
Uttarakhand,Uttarkashi,1107.2509172764885,504.25017350314533,-54.41012810124347,9277.28277258112,STABLE/DECLINING
Tamil Nadu,Karur,1411.371892141656,641.4410447236809,-54.513322709253806,12400.283866635611,STABLE/DECLINING
Gujarat,Amreli,1361.797355535519,616.8300088909399,-54.66457236790278,11976.75742677805,STABLE/DECLINING
Punjab,Tarn Taran,1276.9173824592763,578.2546546904194,-54.67197937509245,10980.518739190491,STABLE/DECLINING
Karnataka,Dakshina Kannada,1608.8656450924273,726.9482803763128,-54.782047645067976,13755.372176237743,STABLE/DECLINING
Karnataka,Tumakuru,1190.550753807081,537.4877449620022,-54.8078213838983,10187.338907278847,STABLE/DECLINING
Madhya Pradesh,Shajapur,1542.9716358867418,694.7254214636015,-54.939235586149294,13071.01148512986,STABLE/DECLINING
Madhya Pradesh,Barwani,1548.004416853759,695.3153508865897,-55.04755549368271,13096.999396899575,STABLE/DECLINING
Assam,Barpeta,1996.6659291959463,896.7367748748834,-55.0607155203263,16781.582815175847,STABLE/DECLINING
Tamil Nadu,Viluppuram,2171.6138747684427,971.4532711235878,-55.24040040353548,18518.12095742124,STABLE/DECLINING
Gujarat,Tapi,1041.920829787721,464.8582998562779,-55.33138407532814,9155.3659258882,STABLE/DECLINING
Uttar Pradesh,Hamirpur,1225.2329475638771,545.2856105438116,-55.45009521811479,10702.818597462967,STABLE/DECLINING
Uttarakhand,Bageshwar,662.5156087713468,294.3702688685413,-55.48405117168412,5748.867569706825,STABLE/DECLINING
Madhya Pradesh,Datia,839.4982917032206,372.77027362682384,-55.529918702226,7206.090353604513,STABLE/DECLINING
Gujarat,Gandhinagar,1275.251059891364,566.256855793419,-55.552878769659586,11066.162678330831,STABLE/DECLINING
Karnataka,Haveri,1388.978634071918,615.4199955026854,-55.65255606146305,11913.16549645307,STABLE/DECLINING
Kerala,Idukki,1039.738908658007,460.08122617460003,-55.69674369442509,8597.372924991969,STABLE/DECLINING
Uttar Pradesh,Shrawasti,1227.7830277743813,543.2877855514373,-55.70513481641489,10356.330093621873,STABLE/DECLINING
Tamil Nadu,Perambalur,1363.4633521962196,602.9535981995712,-55.736913180741965,11478.332027130476,STABLE/DECLINING
Uttar Pradesh,Etah,1579.5430612254165,698.2396663704874,-55.759530788844344,13506.346643811818,STABLE/DECLINING
Karnataka,Yadgir,1378.3337317074943,608.8438932043955,-55.787067394526616,11714.157441053016,STABLE/DECLINING
Odisha,Kendujhar,1683.4312203230306,741.7203202493395,-55.90675883418352,13977.041511120158,STABLE/DECLINING
Karnataka,Bangalore Rural,1192.4556718799968,524.4653331451462,-55.97110596345782,10092.511267595435,STABLE/DECLINING
Karnataka,Mysore,1143.7030310011723,501.93932070934324,-56.06377312817404,9520.941318743044,STABLE/DECLINING
Madhya Pradesh,Guna,1512.7760374446625,662.7317983813239,-56.15389714440586,12664.915804144528,STABLE/DECLINING
West Bengal,Howrah,1008.8557017227859,441.06660700984975,-56.22477486083444,8741.069674888076,STABLE/DECLINING
Delhi,East Delhi,1584.2362628379256,690.4493085264623,-56.38193973126666,13286.869172486848,STABLE/DECLINING
Karnataka,Belagavi,1923.2663658232818,837.7848980226761,-56.41014607331617,16081.217210776018,STABLE/DECLINING
Madhya Pradesh,Ashok Nagar,1021.2362267933353,444.38992061420004,-56.42984381297571,8862.683755616581,STABLE/DECLINING
Uttar Pradesh,Hathras,1677.3531368351992,729.5367843531856,-56.47299913707502,14018.312065833155,STABLE/DECLINING
Odisha,Puri,1424.9064222283066,618.9365662532402,-56.52333444964454,11828.830297339537,STABLE/DECLINING
Punjab,Kapurthala,1126.7431201337615,488.66036595790905,-56.58050515086889,9268.453983577712,STABLE/DECLINING
Kerala,Alappuzha,1428.1846386220027,618.4958423839141,-56.653897219240875,11959.42881014134,STABLE/DECLINING
Bihar,Kaimur (Bhabua),1104.3211383178618,477.9386618253319,-56.669727446431814,9451.89657428461,STABLE/DECLINING
Karnataka,Tumkur,1658.1240107869075,716.3757204566014,-56.76177815566924,13686.24729071379,STABLE/DECLINING
Madhya Pradesh,Mandsaur,1257.7361078544354,542.0041080915644,-56.86116377346671,10455.918416524144,STABLE/DECLINING
Bihar,Aurangabad,1450.6176672178258,624.8645131356778,-56.885030592441645,11837.500158274523,STABLE/DECLINING
Karnataka,Dharwad,1886.396446658952,812.114171606463,-56.9187399369206,15622.717064345567,STABLE/DECLINING
Madhya Pradesh,Seoni,1403.8435752795626,604.002761116364,-56.93451059161736,11829.857713735615,STABLE/DECLINING
Karnataka,Koppal,1313.6931985951428,564.8226718038823,-56.96161869487801,11024.605253859794,STABLE/DECLINING
Rajasthan,Karauli,1914.8680322600244,822.7939332022419,-57.00153041175461,16020.81099392878,STABLE/DECLINING
Uttar Pradesh,Hapur,1402.645555309944,602.4438985636107,-57.008812069343094,11859.431311454859,STABLE/DECLINING
Karnataka,Uttara Kannada,1266.1827411990594,543.7404039034876,-57.01169324733445,10499.674505048946,STABLE/DECLINING
Assam,Karbi Anglong,1110.4127405535196,476.71784320333313,-57.017062539213455,9579.535865349377,STABLE/DECLINING
Uttar Pradesh,Sant Ravidas Nagar,1544.1265987812085,661.9895114686906,-57.091573467723954,12824.389704743191,STABLE/DECLINING
Telangana,Adilabad,1857.6140063019552,795.5469495665698,-57.142959922515466,15517.88466793501,STABLE/DECLINING
Tamil Nadu,Kanniyakumari,1532.0169014093901,655.4376431112584,-57.180012659497905,12499.85923265836,STABLE/DECLINING
Gujarat,Navsari,1108.1894939298206,473.8528995155688,-57.18919967108766,9387.214770821749,STABLE/DECLINING
Uttar Pradesh,Jalaun,1409.6821890435087,601.4665459378789,-57.292538984534005,11689.611096194629,STABLE/DECLINING
Odisha,Rayagada,1025.5886397306285,437.2815081471017,-57.30699803359363,8707.72966167453,STABLE/DECLINING
Karnataka,Ballari,1083.4241961317905,460.74349756964443,-57.420398842379896,9066.26589140333,STABLE/DECLINING
Madhya Pradesh,Sidhi,1459.7230023293455,619.9461770539963,-57.49049093744652,12243.085915357075,STABLE/DECLINING
Rajasthan,Jalor,2355.956112872112,1000.4930905042122,-57.50904800328147,20056.083571120118,STABLE/DECLINING
Kerala,Kasaragod,1095.392611086635,464.8222590937843,-57.513188762544864,9133.710965637269,STABLE/DECLINING
Bihar,Buxar,1009.1604128848326,428.14032623494694,-57.5176060394803,8710.417350549696,STABLE/DECLINING
Delhi,Central Delhi,1041.0150173938434,441.43180733962004,-57.54074557906328,8567.582189873092,STABLE/DECLINING
Madhya Pradesh,Singrauli,1218.9062625021734,516.6020687244393,-57.57034088317773,10197.79058039188,STABLE/DECLINING
Madhya Pradesh,Khandwa,969.6225099645612,410.4845024689948,-57.606124085869524,8401.856973794658,STABLE/DECLINING
Madhya Pradesh,Neemuch,972.5235405365277,411.1385461434012,-57.66527166705556,8403.770612550952,STABLE/DECLINING
Gujarat,Jamnagar,1718.4728711325076,726.9013701200777,-57.66717914888327,14358.720167529857,STABLE/DECLINING
Uttar Pradesh,Kannauj,1652.9886040400213,698.1286564017871,-57.730745260632375,13797.67994254957,STABLE/DECLINING
Karnataka,Hassan,1241.1633978222433,523.570539778181,-57.76960255809692,10261.116249421837,STABLE/DECLINING
Karnataka,Mandya,1270.8073072630255,534.9872449028271,-57.85625370746684,10547.606675811197,STABLE/DECLINING
Madhya Pradesh,Damoh,1944.4828061207527,818.5899883346292,-57.87215462629184,16436.002979439752,STABLE/DECLINING
Punjab,Rupnagar,937.1814565930993,393.007457603962,-58.003064883124445,7641.072261024272,STABLE/DECLINING
Rajasthan,Jhalawar,2150.4110091102,902.2774933226317,-58.01464761973969,17748.247233679293,STABLE/DECLINING
Odisha,Sundergarh,1879.3491783571196,787.8248633421597,-58.049022361295464,15558.918154001374,STABLE/DECLINING
Odisha,Nuapada,936.3905585485056,391.39557100579657,-58.13958574391893,7747.8720177891355,STABLE/DECLINING
Uttar Pradesh,Mahoba,1202.0045168806191,501.64756721682846,-58.217316712975475,10193.173291648432,STABLE/DECLINING
Madhya Pradesh,Narsinghpur,1321.3481322771158,551.4255686511731,-58.22389315135321,11182.034196648328,STABLE/DECLINING
Chhattisgarh,Balod,2438.27310933441,1017.0763610584506,-58.26312530718436,19663.986592391615,STABLE/DECLINING
Tamil Nadu,The Nilgiris,1500.0965559165065,623.1471480932729,-58.42058622856576,12630.999594687166,STABLE/DECLINING
Madhya Pradesh,Gwalior,2151.2594155802644,893.8946594547193,-58.42068790701751,17654.900969275226,STABLE/DECLINING
Odisha,Jajapur,1043.1086257616155,432.5037030076245,-58.480976757431804,8484.42577784298,STABLE/DECLINING
Uttar Pradesh,Etawah,1687.810719715677,698.8703948038094,-58.55838747153159,13884.519369015123,STABLE/DECLINING
Uttar Pradesh,Mau,1860.6959909018906,770.5155963673368,-58.558454219285316,15415.636397152304,STABLE/DECLINING
Rajasthan,Chittorgarh,1220.2731427933113,503.9007833061687,-58.657832911042874,10230.355877709237,STABLE/DECLINING
Bihar,Bhojpur,1584.268906648973,654.2690404925212,-58.66511746088149,12712.496417587136,STABLE/DECLINING
Gujarat,Mahesana,1876.8612092431913,773.1518369766998,-58.77481077056299,15580.628423520788,STABLE/DECLINING
Delhi,North Delhi,1202.7239744437184,494.63285647388705,-58.825040707282106,9907.901089437471,STABLE/DECLINING
Gujarat,Kheda,2148.0708425523726,881.1160936663017,-58.95360561410601,17412.050251365727,STABLE/DECLINING
Uttar Pradesh,Chitrakoot,1644.6250086023533,673.7610813949204,-58.99666826478275,13458.279348591956,STABLE/DECLINING
Uttar Pradesh,Lalitpur,1626.361085965761,665.0198509024825,-59.073628056724026,13420.810690908505,STABLE/DECLINING
Madhya Pradesh,Burhanpur,1278.1945214287075,521.3480477339252,-59.16586265937687,10654.811341324774,STABLE/DECLINING
Karnataka,Mysuru,1318.4524099251607,537.5313730400094,-59.18523707341935,10932.182994720572,STABLE/DECLINING
Madhya Pradesh,Raisen,1979.096937565526,806.0833354092491,-59.24021091606073,16116.43527894032,STABLE/DECLINING
Gujarat,Bharuch,1698.0465225593707,691.2393217135365,-59.25718851589908,13797.554067016039,STABLE/DECLINING
Karnataka,Shivamogga,826.9806780415792,336.23858401735674,-59.26975194457117,6834.5430921796515,STABLE/DECLINING
Bihar,Lakhisarai,997.1311035028405,404.5401764011766,-59.3700491871284,8471.207984197225,STABLE/DECLINING
West Bengal,Purba Medinipur,1902.5418997881022,772.4047591747425,-59.370226667412155,15294.979922497154,STABLE/DECLINING
Tamil Nadu,Ariyalur,1320.0985319823594,535.678878529019,-59.376317092434306,10639.328703788638,STABLE/DECLINING
Rajasthan,Bharatpur,2530.9362328425677,1027.1455958212266,-59.39291114504323,20713.422646171457,STABLE/DECLINING
Haryana,Sonipat,1552.044011305581,627.865844711954,-59.50753229566933,12697.421381556183,STABLE/DECLINING
Karnataka,Bellary,1652.026285465054,668.1701361001224,-59.51848183031999,13679.530043960289,STABLE/DECLINING
Bihar,Saharsa,1800.227608252444,727.7983152827251,-59.53879943080557,14406.709629159057,STABLE/DECLINING
Karnataka,Chamrajanagar,961.4258208794915,388.21435585415645,-59.55902809231765,7846.85802646365,STABLE/DECLINING
Odisha,Baleswar,2023.3208004665644,817.0176445235128,-59.59051330525396,16538.803298972653,STABLE/DECLINING
Gujarat,Gir Somnath,1091.3830056272632,440.12568884366726,-59.61803812662152,9080.422274608254,STABLE/DECLINING
Punjab,Gurdaspur,1782.3397313076364,717.5407763342415,-59.70813840347904,14588.157147536773,STABLE/DECLINING
Uttar Pradesh,Kanpur Dehat,1621.57611332657,652.0219622474676,-59.75400125244934,13206.69643781817,STABLE/DECLINING
Uttar Pradesh,Faizabad,1953.3311884877135,785.4069244589633,-59.760815920484035,15972.284851619952,STABLE/DECLINING
Telangana,Sangareddy,712.3479032132745,285.79410015291916,-59.79604077322502,6197.4061897564025,STABLE/DECLINING
Uttar Pradesh,Ambedkar Nagar,1971.7458619228805,790.8152632646612,-59.86227731873883,16063.801167095904,STABLE/DECLINING
Rajasthan,Banswara,2168.1664421969626,868.4733019323628,-59.91670878645219,17714.493690604,STABLE/DECLINING
Kerala,Thrissur,2249.714122904139,901.0438370622733,-59.92188310888861,18705.05668296275,STABLE/DECLINING
Chhattisgarh,Kanker,2400.603649373669,960.134525205136,-59.979469324349296,19073.25606621713,STABLE/DECLINING
Kerala,Kottayam,1379.8889566834723,550.8761607489794,-60.03471835458522,10916.459897778652,STABLE/DECLINING
Uttarakhand,Rudraprayag,753.9010911048558,300.34421026989503,-60.08163005449435,6124.127094344869,STABLE/DECLINING
Uttar Pradesh,Kasganj,1919.4585416315103,763.271543722386,-60.20369473463847,15537.692129950567,STABLE/DECLINING
Chhattisgarh,Gariyaband,2303.5910820931417,916.1001609797261,-60.2055146309613,18400.200839306315,STABLE/DECLINING
Karnataka,Bidar,2079.128268552355,826.3897242339422,-60.224100756548246,16663.66434757806,STABLE/DECLINING
Madhya Pradesh,Morena,2053.481514072296,815.9344299035625,-60.2364672396456,16645.424465003925,STABLE/DECLINING
Karnataka,Gulbarga,1745.5659408806291,691.7743512502257,-60.33505892706664,13993.411217308298,STABLE/DECLINING
West Bengal,Bankura,1647.7964068569609,651.9446919270895,-60.39870725023149,13023.444669143759,STABLE/DECLINING
Haryana,Gurgaon,1430.1903063705552,565.2121981697715,-60.437672359194195,11632.26469262022,STABLE/DECLINING
Andhra Pradesh,Anantapur,2331.4659582258,921.030663104699,-60.46970546974046,19401.459140377105,STABLE/DECLINING
Madhya Pradesh,Shivpuri,2069.4597302023276,816.7151306290782,-60.505624973002,16629.085424059722,STABLE/DECLINING
Odisha,Angul,1216.670984638184,479.7445475456544,-60.519339492309435,9979.15174977905,STABLE/DECLINING
Uttar Pradesh,Ballia,2603.142885774757,1027.0856165885434,-60.52115180758685,20900.591980853893,STABLE/DECLINING
Bihar,Gopalganj,1717.0764847257285,676.1744285493122,-60.585315347156076,13729.198830228255,STABLE/DECLINING
Punjab,Faridkot,888.0590787657319,349.1858911371676,-60.61162868688933,7082.76008103523,STABLE/DECLINING
Uttar Pradesh,Basti,2464.897470454009,968.6770305901312,-60.67650653732984,20074.7199519129,STABLE/DECLINING
Karnataka,Kolar,1635.2643543648733,642.4350816722373,-60.67658138760892,13288.693530519779,STABLE/DECLINING
Delhi,South West Delhi,2354.1968801313355,924.8399617755688,-60.6894875929039,18817.196175508165,STABLE/DECLINING
Odisha,Khorda,1879.5067900299593,737.8752052148697,-60.70871909996677,15134.998027543192,STABLE/DECLINING
West Bengal,Paschim Medinipur,2454.910360099217,963.4005496472785,-60.73144340625212,19784.951252431485,STABLE/DECLINING
Kerala,Kannur,1699.7194339327839,666.2838328998303,-60.76461410470348,13630.312769803259,STABLE/DECLINING
Gujarat,Devbhumi Dwarka,893.9950114362567,350.02539533287853,-60.77906682747145,7383.841785793643,STABLE/DECLINING
Uttar Pradesh,Fatehpur,2467.37536326891,966.8931690198917,-60.78825030330497,20310.56719856947,STABLE/DECLINING
Uttar Pradesh,Ghazipur,2651.372021473053,1038.0664477980345,-60.825010994462005,21261.916617416642,STABLE/DECLINING
Uttar Pradesh,Pratapgarh,2205.1940224939185,863.0042021247807,-60.8373428032365,17686.72977792255,STABLE/DECLINING
Uttar Pradesh,Mirzapur,2369.4567115693962,925.6665095172091,-60.90768057503587,19252.21546657354,STABLE/DECLINING
Jammu and Kashmir,Jammu,2124.0507703228345,827.7507011166426,-61.0008987695508,16579.969233373475,STABLE/DECLINING
Bihar,Nawada,1374.9825684426442,534.5635584171251,-61.07773668795213,10975.728712894008,STABLE/DECLINING
Bihar,Khagaria,1378.2303799003714,535.3919876913303,-61.10932622220252,10978.695803915469,STABLE/DECLINING
Bihar,Siwan,1980.3702370412695,768.7938066942475,-61.148411725222985,15695.50896896873,STABLE/DECLINING
Haryana,Palwal,1308.9800918425249,504.7960613027785,-61.38902686747233,10636.136332699189,STABLE/DECLINING
Madhya Pradesh,Dhar,1888.2791800670811,728.1045980311966,-61.40831880625982,15207.261736353763,STABLE/DECLINING
Rajasthan,Sirohi,1974.391447513021,760.3103269868716,-61.460280293035275,15857.429804577152,STABLE/DECLINING
Gujarat,Anand,2107.4628262167676,808.4576247619946,-61.60911092682573,16758.274390294297,STABLE/DECLINING
Himachal Pradesh,Kangra,2138.033562600317,819.7667017404569,-61.62908726206747,16712.037259415007,STABLE/DECLINING
Maharashtra,Mumbai City,1496.1595023777422,572.5193475167451,-61.692835893176415,11982.458643641516,STABLE/DECLINING
Rajasthan,Tonk,1630.8527142954722,621.8569352029126,-61.831301946155,13005.405849917397,STABLE/DECLINING
Madhya Pradesh,Sheopur,1032.9591615857933,393.12994373040146,-61.881478652800894,8653.787934405229,STABLE/DECLINING
Gujarat,Mahisagar,818.8157260224406,311.2191950914824,-61.91592998510789,6689.187196148501,STABLE/DECLINING
West Bengal,Nadia,1700.8361752327412,646.3517852771575,-61.961568645781874,13356.08907870181,STABLE/DECLINING
Madhya Pradesh,Bhind,1553.9287372720382,590.1865965256264,-61.97982696217949,12412.09845428195,STABLE/DECLINING
Telangana,Medchal-malkajgiri,752.6586303605175,284.7601188743813,-62.083613540299254,6391.0443313690475,STABLE/DECLINING
Karnataka,Kalaburagi,1713.8118264880518,648.9830614950431,-62.0959541184053,13534.333294343267,STABLE/DECLINING
Uttar Pradesh,Mathura,2451.0662978812697,927.9769082122049,-62.11452728603236,19517.095952036158,STABLE/DECLINING
Punjab,Hoshiarpur,1628.8387815204376,614.4630031976073,-62.23779859849349,12718.67007057482,STABLE/DECLINING
Uttar Pradesh,Firozabad,2525.7626480533486,950.9335346823507,-62.32596142673975,20015.110372420877,STABLE/DECLINING
Chhattisgarh,Kondagaon,2680.5270632326938,1003.8749093019769,-62.526020226305015,21217.735777018224,STABLE/DECLINING
Karnataka,Chitradurga,1430.1789459844433,535.2303361979679,-62.53226490632034,11239.812870228643,STABLE/DECLINING
Uttar Pradesh,Sultanpur,2331.28346736763,871.2989492113505,-62.59893098689735,18801.780076560717,STABLE/DECLINING
Punjab,Sangrur,1548.4359882052465,578.2411558574223,-62.615999611034404,11806.28968940343,STABLE/DECLINING
Uttar Pradesh,Sonbhadra,1687.7160393341778,629.7872978537356,-62.646929195838,13287.353329715559,STABLE/DECLINING
Madhya Pradesh,Tikamgarh,2244.8322693433215,837.5899408412452,-62.66017047272868,17591.562060313234,STABLE/DECLINING
Bihar,Nalanda,1813.3336392765182,676.1744285493122,-62.67641111370554,14163.16233202426,STABLE/DECLINING
Chhattisgarh,Kawardha,2580.1081222250878,959.6047550981688,-62.78324232810273,19740.895358847705,STABLE/DECLINING
Uttar Pradesh,Kaushambi,1963.780206779073,728.8322256154324,-62.8542560080107,15718.244600419075,STABLE/DECLINING
Gujarat,Sabarkantha,1877.2809935873508,695.6405339541207,-62.91073932321496,14717.551799823905,STABLE/DECLINING
Uttar Pradesh,Amethi,2269.3784206392397,840.6069855229595,-62.930981995239385,18431.249797334563,STABLE/DECLINING
Maharashtra,Washim,2783.833036891173,1030.3375180650069,-62.965911980980636,21276.700424607323,STABLE/DECLINING
Haryana,Rewari,1046.2177190863538,385.9223934440509,-63.05234466605266,8286.094403106294,STABLE/DECLINING
Odisha,Kalahandi,1220.312177940721,449.9920570779327,-63.07315482284312,9671.812668086888,STABLE/DECLINING
Maharashtra,Gondiya,2531.9139107055794,933.4661284583233,-63.10707108880719,20053.05408871993,STABLE/DECLINING
Madhya Pradesh,Umaria,926.9614633265574,341.07261991890266,-63.13719551535682,7643.994644253581,STABLE/DECLINING
Bihar,Munger,1085.9382070831412,399.4803509963623,-63.155186892263785,8992.242476253137,STABLE/DECLINING
Odisha,Mayurbhanj,2377.310756125748,874.9877935435629,-63.167647823678806,19101.767996912557,STABLE/DECLINING
Telangana,Siddipet,604.0680145283302,221.44569836699708,-63.23624897931506,5035.407054579964,STABLE/DECLINING
Haryana,Kaithal,1457.6622216844714,534.9913761853671,-63.25459258371679,11484.581487834885,STABLE/DECLINING
Madhya Pradesh,Mandla,1057.225597394564,385.34918127641015,-63.49084899971871,8654.054460803536,STABLE/DECLINING
Uttar Pradesh,Banda,2008.0054322045141,732.3288165818441,-63.497917684714736,15852.09024394153,STABLE/DECLINING
Uttar Pradesh,Jhansi,2491.57911472313,908.6869129188484,-63.504190998571595,19796.942747047608,STABLE/DECLINING
Chandigarh,Chandigarh,863.517473155888,314.5024454841702,-63.505370882506206,6961.412794287526,STABLE/DECLINING
Rajasthan,Bundi,1352.732872243412,490.48438637363216,-63.69413815303591,10599.615424549469,STABLE/DECLINING
West Bengal,Puruliya,1467.0937616098659,531.2932785062683,-63.74255565785035,11227.71716408118,STABLE/DECLINING
Madhya Pradesh,Chhatarpur,2403.1936983268815,870.3676670614191,-63.75634510364875,18964.8905211882,STABLE/DECLINING
Madhya Pradesh,Rewa,2588.941056814831,928.9750319842167,-64.0928109333916,20523.00631988586,STABLE/DECLINING
Manipur,Bishnupur,106.99057467061498,37.67623215055768,-64.18554835130277,765.6294424891165,STABLE/DECLINING
Haryana,Rohtak,1441.8638641389036,514.7517877241336,-64.2549931048462,11205.930902734499,STABLE/DECLINING
Haryana,Ambala,1282.4471769930851,457.28535805752216,-64.29262019717767,10009.37213312229,STABLE/DECLINING
Haryana,Karnal,1878.7802852828524,669.2669529405416,-64.34333532550663,14549.730613719954,STABLE/DECLINING
Punjab,Patiala,2195.6762340697555,780.8257432231619,-64.4086947772598,17174.673110816082,STABLE/DECLINING
West Bengal,Birbhum,1754.6766367840708,623.4462381404398,-64.43273066022806,13449.286641171908,STABLE/DECLINING
Haryana,Jhajjar,1207.985413999724,428.95074323198395,-64.43706117102235,9525.683052857295,STABLE/DECLINING
Haryana,Hisar,2148.4644590973803,762.625541823614,-64.47368373123594,16674.853216585114,STABLE/DECLINING
Karnataka,Belgaum,2582.9962155277744,913.9615956472162,-64.59121765933634,20559.045553017193,STABLE/DECLINING
Punjab,Bathinda,1946.1012468539645,687.0386150095995,-64.66343924737863,14803.758719448942,STABLE/DECLINING
Himachal Pradesh,Sirmaur,737.7601592291203,259.63449642548676,-64.72001187808327,5889.3685214703055,STABLE/DECLINING
West Bengal,Malda,1447.9170213052273,509.433222152284,-64.77139721276305,10992.835575003182,STABLE/DECLINING
Madhya Pradesh,Shahdol,1708.7283209782245,599.5544075508351,-64.87427855162235,13495.188276325327,STABLE/DECLINING
Rajasthan,Dungarpur,2160.636743353179,754.4655165680095,-65.05122709025963,16743.708975323847,STABLE/DECLINING
Chhattisgarh,Dantewada,513.5793693451385,178.17168866550313,-65.18094207828042,4129.367101685164,STABLE/DECLINING
Bihar,Bhagalpur,2088.7252724978607,725.5747950594518,-65.23108541483194,15855.71960249007,STABLE/DECLINING
Telangana,Bhadradri Kothagudem,532.0705791651314,184.2538857570905,-65.24777524821836,4512.2785383991595,STABLE/DECLINING
Gujarat,Kachchh,2364.6758161906146,819.5415681986365,-65.31470784868854,18600.146245066375,STABLE/DECLINING
Punjab,Amritsar,2369.032348244344,819.356984710113,-65.38625368055372,18280.21689356975,STABLE/DECLINING
Uttar Pradesh,Shamli,2605.120606204468,900.4463315285809,-65.41041387791182,20187.44807220661,STABLE/DECLINING
Uttar Pradesh,Rampur,2590.0037742131544,895.1968421903057,-65.41121046948432,19953.755936017347,STABLE/DECLINING
Haryana,Fatehabad,1428.074300915021,493.1093838756808,-65.4245140676515,10747.57971182538,STABLE/DECLINING
Kerala,Thiruvananthapuram,2150.3759932154617,739.8128938938594,-65.56562422235477,16499.336931824433,STABLE/DECLINING
Rajasthan,Kota,1845.7570358223575,634.8864169429019,-65.56740250025673,14399.107677157044,STABLE/DECLINING
Assam,Chirang,880.6125649297925,300.93255950108295,-65.75223953107708,6877.808281219967,STABLE/DECLINING
Rajasthan,Sawai Madhopur,1930.1368066569676,658.8855351456585,-65.82916689946991,15010.952403549969,STABLE/DECLINING
Bihar,Madhepura,1878.7421192740826,640.482845574023,-65.87389094511803,14241.121859370262,STABLE/DECLINING
Uttar Pradesh,Siddharthnagar,2621.373545491913,892.7117164826236,-65.91974022850438,19954.600725033357,STABLE/DECLINING
Uttar Pradesh,Maharajganj,2478.0395916622974,843.4330925474198,-65.93708727414099,19003.301862612632,STABLE/DECLINING
Bihar,Banka,1546.2649540623272,524.984699556574,-66.0055184358951,11669.457026954633,STABLE/DECLINING
Uttar Pradesh,Sant Kabir Nagar,2431.885832337217,825.7132466154168,-66.01923379934304,18748.33315042816,STABLE/DECLINING
Jharkhand,Dhanbad,1149.4233418182112,389.86880704487504,-66.0239154720976,8624.036663670833,STABLE/DECLINING
Bihar,Araria,2170.4795791017714,736.1414914773809,-66.05349188766961,16280.620931167765,STABLE/DECLINING
Rajasthan,Jhunjhunun,2323.289801228217,786.9367661001268,-66.09989142990001,18088.52867846053,STABLE/DECLINING
Tamil Nadu,Ramanathapuram,2487.242926006239,842.1995734022407,-66.11265063433254,18997.943234068865,STABLE/DECLINING
Kerala,Palakkad,2366.7222609958917,800.826443405576,-66.13511404549965,18180.678402814538,STABLE/DECLINING
Madhya Pradesh,Vidisha,2197.8315468773094,742.8772551595116,-66.16942956744751,16810.328458292573,STABLE/DECLINING
Bihar,Saran,2603.9642142547896,879.9861047285669,-66.18049108284609,19907.985096888006,STABLE/DECLINING
Kerala,Kollam,2354.874502949083,794.1678683239292,-66.24744368477444,18150.878266044932,STABLE/DECLINING
Madhya Pradesh,Khargone,2468.173738636218,831.9648412965194,-66.26544223021807,19379.15882391351,STABLE/DECLINING
Bihar,Rohtas,1763.3725209589463,594.1657454987215,-66.26756887058944,13395.74326202117,STABLE/DECLINING
Rajasthan,Jaisalmer,1051.3259614526985,352.8997718303616,-66.36975758520529,8278.340535306816,STABLE/DECLINING
West Bengal,Kolkata,1428.9430865009822,477.99479298841237,-66.50252744250858,10817.751638496302,STABLE/DECLINING
Haryana,Mahendragarh,1135.511947926545,374.78667975892347,-66.93508762098722,8772.10717582489,STABLE/DECLINING
Haryana,Kurukshetra,1209.5002529560304,399.18329943594676,-66.94066783887878,9119.643767738708,STABLE/DECLINING
Madhya Pradesh,Alirajpur,983.38895202709,323.54598088965065,-67.03071685015017,7849.42868882601,STABLE/DECLINING
Bihar,Begusarai,2197.7125022019404,723.608994565742,-67.04394076805998,16336.274287468632,STABLE/DECLINING
Uttar Pradesh,Farrukhabad,2276.971458564804,747.2933560962897,-67.15088974083376,17298.248093022496,STABLE/DECLINING
Tamil Nadu,Sivaganga,2282.8620740836404,748.4947456262109,-67.18301187575294,17394.537884715704,STABLE/DECLINING
Gujarat,Junagadh,2413.3802807748557,789.7725903326342,-67.24738863097205,18116.178539556517,STABLE/DECLINING
Assam,Dhubri,1041.1503110086176,340.18130002655016,-67.26179549892886,8069.173806337128,STABLE/DECLINING
Madhya Pradesh,East Nimar,875.1924539650845,285.42942598071835,-67.30975886809767,6939.442683635377,STABLE/DECLINING
Bihar,Supaul,1709.3256827698951,558.0886868120402,-67.31098103452504,12746.383166426396,STABLE/DECLINING
Rajasthan,Dausa,2349.621079070046,765.5680712445381,-67.38870088122377,18194.025523400058,STABLE/DECLINING
Uttar Pradesh,Sambhal,2485.130668372911,809.2339841475223,-67.40983913456998,18624.381154539362,STABLE/DECLINING
Uttar Pradesh,Amroha,2304.0300563279534,747.1149974486773,-67.54424110892212,17562.73474091633,STABLE/DECLINING
Haryana,Panipat,1660.4456562908767,537.051302278678,-67.61547389519438,12314.37346976951,STABLE/DECLINING
Assam,Karimganj,1092.6087250291146,350.8359106345209,-67.8279897935933,8250.40321802693,STABLE/DECLINING
Bihar,Gaya,2692.5614147999504,865.339854070116,-67.83664002201863,20367.02086927337,STABLE/DECLINING
Haryana,Faridabad,2231.1667655563892,715.848038368523,-67.8855518579571,16806.226592662108,STABLE/DECLINING
Karnataka,Chickmagalur,610.0036627132828,193.72180407956208,-68.13082867378219,4825.7659699788255,STABLE/DECLINING
West Bengal,Jalpaiguri,1250.5690847204269,396.9441482760506,-68.20438015493627,9387.673748039744,STABLE/DECLINING
West Bengal,Hooghly,1792.6227362005734,567.2583497034404,-68.31784420244468,13146.849440963988,STABLE/DECLINING
Madhya Pradesh,Sehore,2036.756124362729,644.1077748637687,-68.3422482626318,15212.509236761915,STABLE/DECLINING
Rajasthan,Hanumangarh,2169.2392725238024,684.7926633339707,-68.40013578150521,16403.90854281259,STABLE/DECLINING
Bihar,Jehanabad,788.1558037013272,248.1828051157177,-68.4241307043563,6199.03853486678,STABLE/DECLINING
Madhya Pradesh,Dindori,1051.6272061067882,331.18595604535966,-68.44220307833658,8046.830992616194,STABLE/DECLINING
Kerala,Ernakulam,2425.767391189035,758.9761671418713,-68.68360066559538,17998.58051165268,STABLE/DECLINING
Andaman and Nicobar Islands,South Andaman,71.51343048636785,21.651922941790822,-68.7617551812705,518.5424199547422,STABLE/DECLINING
Rajasthan,Ganganagar,2510.5630249027367,782.7408581878545,-68.79469675190788,19029.279930815872,STABLE/DECLINING
Haryana,Bhiwani,1847.7493337367985,574.166410918197,-68.88889151047657,13481.60559464495,STABLE/DECLINING
Madhya Pradesh,Betul,2506.9664959548513,776.6499152477886,-68.99281084886599,18569.974300478945,STABLE/DECLINING
Haryana,Mewat,1476.5902107910274,456.26515448096967,-69.05331727690772,10793.499038096126,STABLE/DECLINING
Punjab,Shaheed Bhagat Singh Nagar,813.879002730923,250.79483046373426,-69.10034132430847,6117.94426861618,STABLE/DECLINING
Uttar Pradesh,Pilibhit,2696.4038530742628,830.424977038578,-69.17684476164023,20485.219563663133,STABLE/DECLINING
Madhya Pradesh,Dewas,2130.2192073782126,654.852993105782,-69.22639441145989,16069.886360602286,STABLE/DECLINING
Haryana,Panchkula,877.2503299192869,268.6592096900607,-69.29586013194631,6596.427383150319,STABLE/DECLINING
Haryana,Sirsa,2046.4316783257977,626.0931678612956,-69.37171703946308,14491.645606646953,STABLE/DECLINING
Tamil Nadu,Theni,2094.709225307545,639.0673164464943,-69.45820017791043,15032.54230851704,STABLE/DECLINING
Tamil Nadu,Nagapattinam,2492.0044315427053,758.6871899443572,-69.52724269831111,18561.889893495303,STABLE/DECLINING
Gujarat,Chhotaudepur,534.7259359483198,161.01104339873345,-69.75859622850848,4356.152048307176,STABLE/DECLINING
Delhi,North East Delhi,2606.0058878501395,785.0408952679195,-69.84890218578961,19189.653232981833,STABLE/DECLINING
Rajasthan,Baran,2218.185628248156,666.5288826577063,-69.92009707702283,16313.348523269748,STABLE/DECLINING
Uttarakhand,Tehri Garhwal,1970.1492461555072,591.7705759774792,-69.92766645480509,14200.881183160926,STABLE/DECLINING
Haryana,Yamuna Nagar,1864.4329322400276,559.5011483408899,-69.95329402339674,13396.615395305686,STABLE/DECLINING
Haryana,Jind,1873.0074602522209,559.4286347870232,-70.09464227471135,13454.328021715575,STABLE/DECLINING
Bihar,Jamui,1637.73011207504,489.05862375296067,-70.0952206747196,11844.838998359908,STABLE/DECLINING
Delhi,North East,710.6494124115019,211.68577001778047,-70.11368711778016,5514.953965593852,STABLE/DECLINING
Jharkhand,West Singhbhum,1422.3564907895354,422.4342658387017,-70.25100397695711,10243.701723937585,STABLE/DECLINING
Tamil Nadu,Thiruvarur,2631.7772451935784,781.3313286750799,-70.28494035705789,19429.045623464906,STABLE/DECLINING
Assam,Bongaigaon,734.384093206643,217.43851241496714,-70.29599709418981,5530.961405182598,STABLE/DECLINING
Jharkhand,Bokaro,1017.9051857518252,300.27976526427096,-70.43103033753195,7596.983102084407,STABLE/DECLINING
Jharkhand,Ranchi,1335.0504056450056,392.2922794940728,-70.56306574719365,9619.878933780472,STABLE/DECLINING
Assam,Cachar,1274.2382713023414,373.0639169305905,-70.66713528377905,9604.713718130646,STABLE/DECLINING
Jammu and Kashmir,Kulgam,562.0646907295566,161.06867022414113,-71.2166873731417,4266.032112948655,STABLE/DECLINING
Jammu and Kashmir,Budgam,578.7870234932859,164.9741483146274,-71.37325576646862,4447.806531447391,STABLE/DECLINING
Bihar,Sitamarhi,2770.920433907129,788.0699842728833,-71.53345476224011,19867.21499591799,STABLE/DECLINING
Punjab,Jalandhar,2568.200877224667,730.2099270860974,-71.53940224884346,18376.65223156816,STABLE/DECLINING
Assam,Darrang,626.427532568763,176.04946203265396,-71.78168747109449,4902.657124224107,STABLE/DECLINING
Uttarakhand,Nainital,2758.2531400637135,776.8275697118735,-71.81021348066989,19621.147606311126,STABLE/DECLINING
Madhya Pradesh,Anuppur,1075.2340710467536,299.36950477590426,-72.09068985487863,7847.377324715184,STABLE/DECLINING
Jharkhand,East Singhbhum,1015.5410361044275,281.9888529662775,-72.16159083446912,7428.406995201351,STABLE/DECLINING
Tamil Nadu,Namakkal,2901.625664173628,806.0896286206205,-72.19449829227644,20943.093305323382,STABLE/DECLINING
Gujarat,Porbandar,563.6278235448195,155.91026008830897,-72.20996671697783,4392.280314790995,STABLE/DECLINING
Maharashtra,Ahmed Nagar,79.81092827403111,21.29913951975351,-72.40578719237479,542.6068790993052,STABLE/DECLINING
Kerala,Wayanad,692.2447576495025,189.15161214882332,-72.57078253378411,5250.368060399239,STABLE/DECLINING
Gujarat,Ahmadabad,555.8810184810429,147.0525015209402,-73.41397953825567,4096.475946143973,STABLE/DECLINING
Gujarat,Morbi,550.0027251854417,145.36961071035014,-73.435773723063,4311.5989866664795,STABLE/DECLINING
Assam,Nagaon,2769.5731137713387,732.4197681197508,-73.52822907021535,19198.565665121903,STABLE/DECLINING
Bihar,Kishanganj,2630.474063758651,690.8651589294531,-73.70807607576297,18326.612610727938,STABLE/DECLINING
Bihar,Sheikhpura,879.9395540494058,227.4540133464636,-74.06700467741159,6597.696004039963,STABLE/DECLINING
Punjab,Pathankot,598.6825982470175,154.47090705850874,-74.0744674744642,4344.484557496845,STABLE/DECLINING
Karnataka,Shimoga,611.372039507287,149.99086584203494,-75.34327890549643,4413.966533924792,STABLE/DECLINING
Madhya Pradesh,Harda,561.0061479838382,135.467039565531,-75.71787425189245,4270.968399818935,STABLE/DECLINING
Assam,Kamrup,807.7989432006216,194.21263435942993,-75.86388607446442,5930.880636658624,STABLE/DECLINING
Jharkhand,Gumla,1052.7506078760764,245.333917114405,-76.62312929897978,7352.998025684499,STABLE/DECLINING
Maharashtra,Raigad,487.722174392151,112.55944025674977,-76.76400904092606,3624.2993311290656,STABLE/DECLINING
Jharkhand,Giridih,915.5258431000549,210.583794370426,-76.91458500998013,6345.284598515861,STABLE/DECLINING
Tripura,Dhalai,504.37103646985986,111.43670603496138,-77.75165216820513,3719.631219525181,STABLE/DECLINING
Andhra Pradesh,Sri Sathya Sai,112.22804910489083,23.754508325733433,-78.13747695785021,676.3141547588184,STABLE/DECLINING
Assam,Lakhimpur,853.0433276423043,185.19139105462529,-78.19883546556937,6038.444241876351,STABLE/DECLINING
West Bengal,Dakshin Dinajpur,683.924082969861,143.94031569381553,-78.83848454191478,4958.137382464917,STABLE/DECLINING
Goa,South Goa,624.6378517693793,130.75469625055825,-78.94074089699974,4456.439113481457,STABLE/DECLINING
Jharkhand,Hazaribagh,807.9974021947953,163.4476059848408,-79.67266575409298,5631.741472068326,STABLE/DECLINING
Jharkhand,Palamu,1040.7218080478367,205.0486543692851,-80.22037622929142,6920.667758612674,STABLE/DECLINING
Gujarat,Arvalli,664.6896011262852,129.2201225359773,-80.43831204278136,4660.013080303214,STABLE/DECLINING
West Bengal,Cooch Behar,590.9996855907496,112.78980518585625,-80.7787389156623,4157.785353935201,STABLE/DECLINING
Odisha,JAJPUR,643.0518498995389,122.55775272438753,-80.81555813500722,4383.024195904109,STABLE/DECLINING
Bihar,Arwal,575.7607311140274,108.0554625959687,-81.09173237482284,4075.7692391904698,STABLE/DECLINING
West Bengal,Darjeeling,798.4707806116437,149.9725349034745,-81.11594087429044,5474.06368685587,STABLE/DECLINING
Assam,Golaghat,567.6951643006488,105.72910203600512,-81.2326341534388,4046.2723021038587,STABLE/DECLINING
Jharkhand,Garhwa,834.3637935117516,152.39881720071645,-81.63688462533796,5621.516260706327,STABLE/DECLINING
Assam,Kokrajhar,587.4277952585676,105.31291493294916,-81.93271701479821,4141.128401358271,STABLE/DECLINING
Bihar,Sheohar,692.8232165760755,122.3692022499066,-82.2189284961208,4867.661448866422,STABLE/DECLINING
Jharkhand,Godda,738.0528983547634,130.21154507788995,-82.24598734813361,5042.644607496869,STABLE/DECLINING
Manipur,Churachandpur,113.39645726328561,18.362180502516626,-83.0744928945184,652.7223182888766,STABLE/DECLINING
Assam,Sonitpur,588.6463291171827,96.50985796531482,-83.46299244984593,4005.886061107016,STABLE/DECLINING
Odisha,Malkangiri,376.3800742162981,61.15828151072942,-83.5289974862046,2688.33828469587,STABLE/DECLINING
Andhra Pradesh,Y. S. R,112.82405570018518,17.50264272178436,-83.74452341557685,630.9230635137218,STABLE/DECLINING
Jharkhand,Deoghar,679.4404077400086,107.85492530282306,-84.00228380551795,4548.869574109731,STABLE/DECLINING
Puducherry,Karaikal,102.80266426782049,15.512822448050885,-84.09210152309167,575.0061385127572,STABLE/DECLINING
Punjab,Firozpur,151.00951697473906,23.07973021558073,-84.15906405413925,848.036958909364,STABLE/DECLINING
Jharkhand,Seraikela-Kharsawan,661.4701741744004,103.21284504633869,-84.26905102917074,4442.089676075708,STABLE/DECLINING
Tamil Nadu,Tenkasi,412.3970265355165,63.961810353745896,-84.28585447308127,2810.225082509776,STABLE/DECLINING
Andhra Pradesh,Nizamabad,207.277141658119,31.270982083017522,-84.5057494902684,1161.873499837155,STABLE/DECLINING
Jammu and Kashmir,Samba,170.0805706463802,25.37885010233737,-84.58103687480569,958.0158611325498,STABLE/DECLINING
Jammu and Kashmir,Kishtwar,472.72492241026026,71.32576521882935,-84.73253953985704,3062.461520899275,STABLE/DECLINING
Jharkhand,Sahebganj,658.6168935798974,94.83387737841211,-85.47128214708101,4385.525897081356,STABLE/DECLINING
Jammu and Kashmir,Shupiyan,235.07249295082602,33.14692961766834,-85.53540516692846,1425.576073899193,STABLE/DECLINING
Odisha,Sonapur,368.8967184544524,52.09430222974029,-85.64618187163559,2431.380007955116,STABLE/DECLINING
Orissa,Khordha,169.61755079746558,22.945814191522143,-85.96521044898398,918.2684524808186,STABLE/DECLINING
Telangana,Kamareddy,480.8215648753943,66.49818008807156,-85.99104211835609,3271.289481453992,STABLE/DECLINING
Jharkhand,Simdega,686.341526710663,93.289679702147,-86.28197540262423,4345.816790362009,STABLE/DECLINING
Andhra Pradesh,Dr. B. R. Ambedkar Konaseema,141.0186833912294,18.412931059759583,-86.33072029946838,753.7091522789931,STABLE/DECLINING
Odisha,Boudh,404.82796139390155,54.46047956451895,-86.33399251889193,2680.6266892608587,STABLE/DECLINING
Tripura,Gomati,210.62139981310193,27.857929247799266,-86.36341633063303,1192.4950384282815,STABLE/DECLINING
Karnataka,Kodagu,177.25510008499487,22.429649288056588,-86.85611279739824,970.4723973976129,STABLE/DECLINING
Nagaland,Dimapur,613.7099442853947,79.50421317735628,-86.9037073621864,3870.7327707092454,STABLE/DECLINING
Meghalaya,West Garo Hills,181.05603972960878,22.39072192779903,-87.15191104753288,1021.650761719568,STABLE/DECLINING
Andhra Pradesh,Mahbubnagar,352.3691357847625,44.28750640025442,-87.18407981509763,2280.066308785913,STABLE/DECLINING
Assam,Dhemaji,444.08995766003557,55.88647524845994,-87.21910609991555,2889.0554202847247,STABLE/DECLINING
Andhra Pradesh,Nandyal,193.46980500245166,23.844540551504515,-87.22447397363754,1054.62272773946,STABLE/DECLINING
West Bengal,East Midnapore,473.0480677718578,59.263279784984476,-87.2875170511217,3006.9260977233866,STABLE/DECLINING
Uttar Pradesh,Ayodhya,111.45559379451515,13.088789892950675,-87.4716860072835,592.0370554190813,STABLE/DECLINING
Odisha,Jagatsinghpur,180.33046288846168,21.33701007141065,-87.68160092044194,961.7284704299461,STABLE/DECLINING
Assam,Marigaon,557.1074954731716,67.34009058652941,-87.75503086039193,3545.5739750327443,STABLE/DECLINING
Tamil Nadu,Chengalpattu,152.24994298554535,17.502244430757823,-87.92675281288491,800.4889036648553,STABLE/DECLINING
Tripura,Khowai,207.76269926790405,24.19962059753177,-87.92905979569021,1138.1816299279972,STABLE/DECLINING
Andhra Pradesh,Kakinada,216.49275917271956,24.863306981967668,-88.10842849189817,1155.5512792741551,STABLE/DECLINING
Andhra Pradesh,N. T. R,210.79714882309753,24.157670293430805,-88.12180879996473,1132.9408563289207,STABLE/DECLINING
Assam,Goalpara,653.9468346512298,76.08198740635893,-88.23080236010203,4156.146587582312,STABLE/DECLINING
Tripura,Unakoti,239.2322829880699,27.06153470390307,-88.31899928066844,1294.5843351217707,STABLE/DECLINING
Andhra Pradesh,Annamayya,199.33894871408705,22.398078634276303,-88.32075400991107,1076.6620426438635,STABLE/DECLINING
Dadra and Nagar Haveli,Dadra and Nagar Haveli,423.9111236253207,48.23693284959962,-88.41241612375018,2622.9595468833695,STABLE/DECLINING
Punjab,Malerkotla,128.56390435467492,13.97065235688425,-88.44535256061533,669.5493701925449,STABLE/DECLINING
Assam,Hojai,586.2851734942892,66.2481623526471,-88.54931719925311,3639.8849879518093,STABLE/DECLINING
Jharkhand,Chatra,660.785000431621,74.73344241869768,-88.55618631892476,4237.497131170331,STABLE/DECLINING
Telangana,Jogulamba Gadwal,150.86467409493582,16.35644767723955,-88.57110925850377,826.1857208623711,STABLE/DECLINING
Telangana,Rajanna Sircilla,133.24983681125963,14.269862006331572,-88.62578728658023,689.0284801570469,STABLE/DECLINING
Jammu and Kashmir,Reasi,365.0538194222712,40.547394886587796,-88.64992176501246,2270.2416407667815,STABLE/DECLINING
Telangana,Vikarabad,188.5784549687524,20.49011324689865,-88.66426395845414,1028.5041691365357,STABLE/DECLINING
Telangana,Nagarkurnool,181.6854057708629,19.558541566644497,-88.74647841742187,959.150745335179,STABLE/DECLINING
Karnataka,Hasan,206.5479633008909,22.041596168821197,-88.89818247196344,1109.6967623916928,STABLE/DECLINING
Madhya Pradesh,Narsimhapur,131.28815739192962,13.66325512991088,-88.91567059440695,673.4368201072839,STABLE/DECLINING
Jammu and Kashmir,Badgam,220.943978416696,23.480312087559152,-88.97004899065215,1189.9347833279792,STABLE/DECLINING
Gujarat,Dohad,288.16018870735314,30.724364070350738,-89.02879258304203,1809.4332679317079,STABLE/DECLINING
Odisha,Debagarh,158.39427660290215,16.414330388708294,-89.0746827553335,814.9223539473429,STABLE/DECLINING
Andhra Pradesh,Sri Potti Sriramulu Nellore,241.49437628386366,25.453696056871685,-89.09100637207973,1383.5143856542297,STABLE/DECLINING
Andhra Pradesh,Tirupati,183.13062405511312,19.039940058645346,-89.11645460309356,966.9511719612598,STABLE/DECLINING
Jharkhand,Dumka,641.9804688840181,68.93524324917976,-89.12327098044486,4004.325990339568,STABLE/DECLINING
Odisha,Sundargarh,278.72124022564833,29.340082543404684,-89.15345773566224,1599.173455851866,STABLE/DECLINING
Assam,Udalguri,504.4379437134854,53.576482306546055,-89.20213985013292,3128.878984771373,STABLE/DECLINING
Telangana,Yadadri.,165.15607960848638,16.932186012943486,-89.20762571240421,860.2768895182793,STABLE/DECLINING
Gujarat,Botad,226.32852097829092,23.330980691592124,-89.29699600081608,1232.0407149936652,STABLE/DECLINING
Jammu and Kashmir,Bandipore,398.60526202072043,41.71913418547682,-89.30966675227072,2399.5123402169766,STABLE/DECLINING
Assam,Kamrup Metro,378.4247268767708,39.374141997700725,-89.35911680558092,2320.7022993190444,STABLE/DECLINING
Telangana,Suryapet,374.267916089274,38.75164860885333,-89.40712837294711,2387.7694678193034,STABLE/DECLINING
Assam,Jorhat,273.86452600087836,27.891789107404975,-89.4887166678931,1513.6089080472661,STABLE/DECLINING
Puducherry,Puducherry,553.5935568939744,57.294809507251564,-89.48873300408786,3394.471287656034,STABLE/DECLINING
Maharashtra,Bid,203.00621267687677,20.39133231568033,-89.51437211887178,1069.6947157920142,STABLE/DECLINING
Tamil Nadu,Tirupattur,264.9660448199653,26.72574948747091,-89.57545520284789,1494.2434216988934,STABLE/DECLINING
Mizoram,Aizawl,318.1676595667394,31.749683221389013,-89.73903456702169,1899.2347626610274,STABLE/DECLINING
Maharashtra,Mumbai( Sub Urban ),149.17775788535897,14.07822438809896,-89.95974863360978,764.1321759130861,STABLE/DECLINING
Gujarat,The Dangs,361.34720843717287,35.192382892501115,-90.01168435970538,2197.561417970416,STABLE/DECLINING
Meghalaya,East Khasi Hills,270.39228254720564,26.05931749612367,-90.02944474243957,1502.2412668227419,STABLE/DECLINING
Manipur,Senapati,400.80662810812316,38.990065833747,-90.04743500075216,2413.9047735724607,STABLE/DECLINING
West Bengal,North Twenty Four Parganas,153.38190340407562,14.07578803068423,-90.23474403523501,774.9502328202198,STABLE/DECLINING
Tripura,Sepahijala,280.0160335291932,26.232511509770195,-90.30926770698258,1607.8401189712313,STABLE/DECLINING
Telangana,Mancherial,363.4291540735761,33.45975992890165,-90.544181346714,2214.0813902680097,STABLE/DECLINING
Jammu and Kashmir,Ganderbal,312.75326679628756,28.501842937988243,-90.59712007488257,1743.4046451714867,STABLE/DECLINING
Karnataka,Chikkamagaluru,314.58448281365384,28.191168467155144,-90.75012554264529,1845.6489012305908,STABLE/DECLINING
Assam,Dibrugarh,250.3121890707999,22.202236953509907,-90.76756402492943,1352.6561394281337,STABLE/DECLINING
Assam,Tinsukia,412.3430572232426,36.83126334976872,-90.84749031375736,2385.2114502638888,STABLE/DECLINING
Telangana,Nirmal,343.56179533980276,30.01921427397189,-90.99748878328745,1971.1440607399581,STABLE/DECLINING
Assam,Sibsagar,197.05686580968256,16.79372897993018,-91.01584844979392,1010.4047945369921,STABLE/DECLINING
Telangana,Jagitial,282.1913028733409,24.25532878417339,-91.08188403813058,1585.024190060808,STABLE/DECLINING
West Bengal,South Twenty Four Parganas,474.5442311033683,39.67421078012872,-91.44680807382407,2855.268011266361,STABLE/DECLINING
Uttar Pradesh,Prayagraj,345.49569950102034,28.56644123400185,-91.46701062189813,2086.9006314858552,STABLE/DECLINING
West Bengal,Maldah,207.66933662348043,16.768880295251137,-91.48467111518497,1066.1559567313561,STABLE/DECLINING
West Bengal,West Midnapore,229.06567070467935,18.248676769320113,-91.63339897240539,1205.3024250846515,STABLE/DECLINING
Assam,Baksa,269.38009166898337,21.30887418288396,-91.74906922873748,1387.044156239882,STABLE/DECLINING
Jharkhand,Latehar,512.2629979324438,40.37850114584335,-91.9381484126994,2989.8345732584553,STABLE/DECLINING
Assam,Nalbari,378.3409180661306,28.462820102236428,-92.23315527034703,2139.434191293237,STABLE/DECLINING
West Bengal,Bardhaman,222.50046893102967,15.996835373455657,-92.39516791407684,1117.2984642697827,STABLE/DECLINING
Pondicherry,Pondicherry,374.1882710840433,26.172202555478606,-92.75771535262307,2031.6146697561726,STABLE/DECLINING
Jharkhand,Khunti,463.5621057760836,32.11469116898273,-92.87184840148286,2575.7210251495535,STABLE/DECLINING
Jharkhand,Koderma,419.909425174426,28.906876470410158,-92.89470021774478,2366.8599258171416,STABLE/DECLINING
Madhya Pradesh,Agar Malwa,267.4288472268739,17.656381639609656,-93.04978513585709,1393.4440977268025,STABLE/DECLINING
West Bengal,Haora,304.7684659514854,20.15016757848173,-93.08294676082211,1676.2728138177238,STABLE/DECLINING
Jharkhand,Pakur,220.79050023432535,13.943536565023386,-93.26231892293166,1122.9761442869824,STABLE/DECLINING
Jharkhand,Ramgarh,469.2462627915032,28.951032946203696,-93.6307770383104,2590.5010125110784,STABLE/DECLINING
Jharkhand,Jamtara,366.23136855636176,19.160640049174052,-94.5100985984862,1969.1251192377224,STABLE/DECLINING
Jharkhand,Lohardaga,376.9403115492803,19.550361688126813,-94.56253777114028,1959.26022270306,STABLE/DECLINING
Assam,Hailakandi,369.8756034447663,17.933825301949323,-94.89483127871227,1889.1291847180341,STABLE/DECLINING
Maharashtra,Pune,10135.896566665104,7834.044695365301,-22.707658662212037,109656.79288283677,SATURATED (Big but Flat)
Maharashtra,Thane,10144.459686157341,7421.663310332368,-26.837585087839912,108327.59357485033,SATURATED (Big but Flat)
Maharashtra,Nashik,10311.325805624389,7260.229953674088,-29.586883788002694,109265.66277778283,SATURATED (Big but Flat)
Rajasthan,Jaipur,5667.2368273150805,3929.2571714741757,-30.661733247729305,59521.74939567582,SATURATED (Big but Flat)
Gujarat,Ahmedabad,5810.558594879835,3994.7536200224713,-31.244715943450093,60818.66201029706,SATURATED (Big but Flat)
Telangana,K.v. Rangareddy,5577.760699981003,3561.891789113659,-36.13470839274767,58726.350041149664,SATURATED (Big but Flat)
Maharashtra,Jalgaon,8722.824778992466,5200.354318533064,-40.37759296749906,85686.71039112353,SATURATED (Big but Flat)
Maharashtra,Ahmadnagar,8045.492985697453,4266.029224706533,-46.97032319184113,75111.43684283142,SATURATED (Big but Flat)
Maharashtra,Mumbai,7097.695119636143,3674.8624390640507,-48.217772743950945,66694.1494862503,SATURATED (Big but Flat)
Andhra Pradesh,Kurnool,7717.610403643208,3959.2595441826024,-48.69206583722184,71054.09208642828,SATURATED (Big but Flat)
Gujarat,Surat,4826.064776492521,2437.4301619693724,-49.484204690097336,45360.42128770302,SATURATED (Big but Flat)
Rajasthan,Barmer,4541.961841915552,2241.903869556944,-50.62904009312089,43615.87403838978,SATURATED (Big but Flat)
Rajasthan,Jodhpur,4529.078017758911,2201.2879654029684,-51.38520889111599,42722.90931357309,SATURATED (Big but Flat)
Uttar Pradesh,Bareilly,5121.795768623748,2485.51114469737,-51.46183340107314,47775.67812575924,SATURATED (Big but Flat)
Maharashtra,Nagpur,6908.270485048533,3327.6870350037,-51.82288720340469,62514.63607358853,SATURATED (Big but Flat)
Rajasthan,Alwar,4953.240919679358,2369.0217003937933,-52.16175921159718,46549.01808648438,SATURATED (Big but Flat)
Rajasthan,Nagaur,4908.917870026264,2346.9435520823117,-52.17957582517053,45614.06147091132,SATURATED (Big but Flat)
Uttar Pradesh,Agra,5145.66362723215,2412.485810012275,-53.105817966381544,47902.970937352766,SATURATED (Big but Flat)
Maharashtra,Dhule,5258.488491719466,2386.8693503144373,-54.59882925737176,48454.459829309744,SATURATED (Big but Flat)
Telangana,Hyderabad,5023.171736335078,2277.97506491551,-54.63978572957926,45633.99225629674,SATURATED (Big but Flat)
Uttar Pradesh,Azamgarh,4216.373242503885,1909.694970576725,-54.694667493021534,38597.904595341395,SATURATED (Big but Flat)
Chhattisgarh,Dhamtari,2603.5060292509684,1177.650824618983,-54.74570565851399,21426.506212852106,SATURATED (Big but Flat)
Uttar Pradesh,Sitapur,4896.969195673693,2210.874359541168,-54.84099080298657,44631.719580196324,SATURATED (Big but Flat)
Uttar Pradesh,Bahraich,4429.223722837419,1980.2893388472671,-55.27789423739725,40064.28787823313,SATURATED (Big but Flat)
Tamil Nadu,Villupuram,2796.161395310355,1218.1925194147702,-56.41322229533,24177.427150958913,SATURATED (Big but Flat)
Karnataka,Bengaluru,5377.185934720199,2338.557137124509,-56.49913994194726,47949.27325459623,SATURATED (Big but Flat)
Chhattisgarh,Balrampur,2721.812174076238,1173.2883818961586,-56.87222229000953,23443.821032912652,SATURATED (Big but Flat)
Uttar Pradesh,Ghaziabad,3668.6367499671624,1573.4093557859326,-57.09631598277347,32826.388774267696,SATURATED (Big but Flat)
Andhra Pradesh,East Godavari,7060.701564001715,3016.595980557393,-57.26814630711489,59378.18889500585,SATURATED (Big but Flat)
Rajasthan,Pali,4007.6557740634507,1702.5580156605502,-57.50301069294095,36316.50213433681,SATURATED (Big but Flat)
Rajasthan,Udaipur,4178.83708955381,1769.3689346415129,-57.6450254708253,37936.73992449708,SATURATED (Big but Flat)
West Bengal,Murshidabad,3806.7094857035036,1611.1936743990304,-57.65975107995496,32833.124739100895,SATURATED (Big but Flat)
Maharashtra,Nanded,7270.933064308273,3077.6323732491132,-57.66418164161193,62783.54584734438,SATURATED (Big but Flat)
Telangana,Mahabubnagar,4607.408498076185,1947.9693815140947,-57.70840665866087,42030.32183666175,SATURATED (Big but Flat)
Andhra Pradesh,Chittoor,7119.303312561132,3002.31869838527,-57.82035446317253,60334.3021167893,SATURATED (Big but Flat)
Maharashtra,Solapur,6191.771378122279,2588.4277405511834,-58.18628555061679,54102.93553483507,SATURATED (Big but Flat)
Uttar Pradesh,Hardoi,4235.495091523267,1768.0982843867312,-58.24146502786015,38464.46856361428,SATURATED (Big but Flat)
Rajasthan,Sikar,3936.9512048820507,1640.7549601492062,-58.30941332858948,35089.023344961206,SATURATED (Big but Flat)
Andhra Pradesh,Guntur,6617.317936222002,2711.1141332946186,-59.02109630528265,55753.95926023118,SATURATED (Big but Flat)
Uttar Pradesh,Kheri,4177.425841290472,1701.3739311068248,-59.25800778168026,37551.67877263813,SATURATED (Big but Flat)
Maharashtra,Wardha,2653.8676174156003,1079.0894863071248,-59.31663487769136,21746.39723974562,SATURATED (Big but Flat)
Maharashtra,Bhandara,2820.3207648848506,1145.0630315308304,-59.37849230774701,23225.1830845735,SATURATED (Big but Flat)
Uttar Pradesh,Allahabad,5027.162819669514,2039.7473924235858,-59.41365732150818,44572.99675220498,SATURATED (Big but Flat)
Chhattisgarh,Raipur,6393.698885266107,2583.1620472296026,-59.58899561035287,53937.404242097975,SATURATED (Big but Flat)
Uttar Pradesh,Jaunpur,4553.841549847651,1836.3338085475766,-59.661959950966214,40493.20283005133,SATURATED (Big but Flat)
Uttar Pradesh,Kanpur Nagar,4005.3367571381527,1602.7053576900964,-59.970779919267905,34803.64006692838,SATURATED (Big but Flat)
Uttar Pradesh,Lucknow,4552.590447903597,1808.1559450762147,-60.26968244565951,40213.80870501848,SATURATED (Big but Flat)
Uttar Pradesh,Budaun,2687.3538952082854,1063.5853884689786,-60.40010244311611,21929.85863157241,SATURATED (Big but Flat)
Chhattisgarh,Korba,3579.539346911772,1388.1407714337763,-61.203030134778025,29325.601615245407,SATURATED (Big but Flat)
Uttar Pradesh,Aligarh,4635.503216900901,1789.4544920718283,-61.38351666520375,40336.03685262998,SATURATED (Big but Flat)
Karnataka,Raichur,2851.042281996121,1099.1785278046655,-61.424887185239776,23226.017513036353,SATURATED (Big but Flat)
Uttar Pradesh,Rae Bareli,2625.3118806612347,1007.7864184262023,-61.589237521469954,21535.455577604575,SATURATED (Big but Flat)
Chhattisgarh,Koriya,3036.9266250314536,1157.8037091336594,-61.85544115563813,24767.55231515452,SATURATED (Big but Flat)
West Bengal,South 24 Parganas,2930.6324124455086,1116.643281618516,-61.876418173238825,23142.556241146867,SATURATED (Big but Flat)
Chhattisgarh,Bilaspur,6220.039476453567,2366.662693129094,-61.94104374211704,52679.39915106157,SATURATED (Big but Flat)
Maharashtra,Yavatmal,7768.95729706805,2946.6111758500497,-62.0639977395717,63168.58940150374,SATURATED (Big but Flat)
Delhi,North West Delhi,5260.429253057613,1991.117299703964,-62.13733561947507,44953.701232919964,SATURATED (Big but Flat)
Uttar Pradesh,Bijnor,5217.102493970699,1962.6945530303406,-62.36765078303256,44267.37434963006,SATURATED (Big but Flat)
Maharashtra,Nandurbar,4269.483920439256,1601.2626885593008,-62.48053573295051,37884.17561175952,SATURATED (Big but Flat)
Uttar Pradesh,Gorakhpur,4266.613262191748,1599.3336680482773,-62.500499231591974,36627.187341400786,SATURATED (Big but Flat)
Gujarat,Banaskantha,3859.7814323930456,1446.4468693803458,-62.50896626170396,31768.391003058412,SATURATED (Big but Flat)
Gujarat,Vadodara,4304.700789971902,1611.7786488173965,-62.543178741690475,36880.022286518375,SATURATED (Big but Flat)
Bihar,East Champaran,3647.583357362464,1364.799277941084,-62.56631289004149,30077.07541531392,SATURATED (Big but Flat)
Telangana,Karimnagar,2716.58522288139,1011.5106304772119,-62.74226758549742,22027.71871192352,SATURATED (Big but Flat)
Maharashtra,Mumbai Suburban,5891.606880018862,2192.3073434694875,-62.778658272508636,50282.263793198385,SATURATED (Big but Flat)
Madhya Pradesh,Sagar,3530.239481026379,1299.612088876975,-63.168397502767405,28589.157519746306,SATURATED (Big but Flat)
Rajasthan,Bhilwara,3218.88496741671,1180.4629693328352,-63.30729261173842,25518.747604600765,SATURATED (Big but Flat)
Uttar Pradesh,Varanasi,4367.240257315532,1600.910863532174,-63.328233586752944,37168.325752401855,SATURATED (Big but Flat)
Tamil Nadu,Tiruchirappalli,5067.517860000591,1851.6310467946175,-63.44826835049563,43571.88540548447,SATURATED (Big but Flat)
Maharashtra,Beed,6174.003029359532,2252.8491735547445,-63.50043614815015,51534.157082638194,SATURATED (Big but Flat)
Delhi,West Delhi,2732.823806812423,995.2697880749829,-63.55764458585899,21693.559318108866,SATURATED (Big but Flat)
Bihar,Patna,3681.474828010005,1339.9226074172411,-63.58637410858093,30574.242707992893,SATURATED (Big but Flat)
Uttar Pradesh,Muzaffarnagar,3951.515997683066,1438.0611348008574,-63.59126349787265,33320.16104240926,SATURATED (Big but Flat)
Gujarat,Rajkot,3555.483432757963,1286.5370668439089,-63.79746760564953,28180.069639297304,SATURATED (Big but Flat)
West Bengal,North 24 Parganas,3642.62439872017,1314.6443331817834,-63.89187827252706,29979.68997607549,SATURATED (Big but Flat)
Uttar Pradesh,Meerut,3797.384281064662,1369.3377298981957,-63.923141301698436,31354.552566796956,SATURATED (Big but Flat)
Kerala,Malappuram,4012.216074162104,1446.0318414473718,-63.9433358506746,33066.82326103786,SATURATED (Big but Flat)
Uttar Pradesh,Saharanpur,4560.784553243493,1628.7254761585057,-64.27438742148075,38454.037170052026,SATURATED (Big but Flat)
Chhattisgarh,Jashpur,3550.5039739778663,1266.3436079561081,-64.3152980471927,27974.327625947157,SATURATED (Big but Flat)
Uttar Pradesh,Gonda,3026.7329371259057,1079.1903399750986,-64.32346041059765,23901.923686495393,SATURATED (Big but Flat)
Uttar Pradesh,Bulandshahr,4274.484023760814,1520.3769131289146,-64.41626480945948,35578.87458462413,SATURATED (Big but Flat)
Madhya Pradesh,Satna,4025.395522887126,1420.4550918575273,-64.69658572344444,33335.536211530656,SATURATED (Big but Flat)
Rajasthan,Ajmer,3436.3773042436874,1210.3696208327262,-64.75889861327694,27097.06629681661,SATURATED (Big but Flat)
Maharashtra,Ratnagiri,3940.6488271244775,1387.1739595869276,-64.78189660037188,29800.201734422357,SATURATED (Big but Flat)
Tamil Nadu,Kancheepuram,5599.901956883399,1949.3960539898017,-65.17710774078445,47817.44170413422,SATURATED (Big but Flat)
Bihar,Vaishali,2796.5587529942018,966.8994369643423,-65.40199786944927,21441.490148309622,SATURATED (Big but Flat)
Maharashtra,Amravati,7350.677811818024,2537.288045104435,-65.47335030074268,56720.85430788416,SATURATED (Big but Flat)
Andhra Pradesh,West Godavari,6546.791780032603,2238.4140703159483,-65.79894190977468,50941.21081758581,SATURATED (Big but Flat)
Maharashtra,Palghar,5304.504235374,1811.5796243637685,-65.83586509499798,44509.62545131019,SATURATED (Big but Flat)
Chhattisgarh,Janjgir-champa,6723.763862368719,2292.7571396679673,-65.89088945555899,52229.331004232634,SATURATED (Big but Flat)
Andhra Pradesh,Visakhapatnam,6638.160773523739,2258.976870839996,-65.95990144036666,52456.16081467022,SATURATED (Big but Flat)
Madhya Pradesh,Ujjain,3090.032730815339,1050.9617202016007,-65.96730569319728,23907.457210632285,SATURATED (Big but Flat)
Andhra Pradesh,Nellore,3494.022560276393,1183.4325438878207,-66.11087558204049,26771.218135334304,SATURATED (Big but Flat)
Maharashtra,Gadchiroli,3726.037644429454,1247.483834659917,-66.50197948695423,28375.007169594548,SATURATED (Big but Flat)
Tamil Nadu,Tiruvannamalai,3178.734847263268,1055.0045725066984,-66.7895399072165,24632.423041996462,SATURATED (Big but Flat)
Bihar,Darbhanga,3855.769841891426,1279.5176231523842,-66.79818408545746,30884.408209460387,SATURATED (Big but Flat)
Tamil Nadu,Virudhunagar,3436.560379798964,1137.8806488091482,-66.86950851825468,27156.863346309194,SATURATED (Big but Flat)
Punjab,Ludhiana,3301.363532636861,1092.0741076991587,-66.90024896119283,25158.49622249982,SATURATED (Big but Flat)
Uttar Pradesh,Unnao,3099.7999848084187,1025.1591720572653,-66.90663128596906,23720.609642689462,SATURATED (Big but Flat)
Uttar Pradesh,Moradabad,3963.660051780426,1310.2654415208833,-66.9261569871034,31685.763853957502,SATURATED (Big but Flat)
Delhi,South Delhi,3594.7046130710546,1187.5990113500113,-66.94391950247433,28397.43608860345,SATURATED (Big but Flat)
Chhattisgarh,Surajpur,3877.796245227319,1279.946309356079,-66.97567419448174,29750.153119616847,SATURATED (Big but Flat)
Gujarat,Panchmahals,2908.7753017746677,959.3481217675223,-66.99579788233795,22120.273038943837,SATURATED (Big but Flat)
Maharashtra,Latur,5217.570780482966,1719.4986747280188,-67.03122852788458,43327.7107807343,SATURATED (Big but Flat)
Madhya Pradesh,Jabalpur,3951.4974783433922,1297.2623940605918,-67.15336565869913,31374.53225956926,SATURATED (Big but Flat)
Andhra Pradesh,Prakasam,5677.676402144476,1862.7676777811696,-67.17954069231094,45249.601690135016,SATURATED (Big but Flat)
Tamil Nadu,Tiruvallur,5525.743779959048,1802.6177630235986,-67.36563454300457,45815.40060362538,SATURATED (Big but Flat)
Madhya Pradesh,Katni,3412.3804266910024,1099.268933817166,-67.76600330822814,25868.877925032015,SATURATED (Big but Flat)
Bihar,Madhubani,3872.1071408126195,1237.2894235699478,-68.02852648919644,30867.723857245805,SATURATED (Big but Flat)
Rajasthan,Churu,3352.453084548787,1067.271456458508,-68.14413592423209,25745.757063283458,SATURATED (Big but Flat)
Bihar,Muzaffarpur,3521.991274619203,1118.7319710001102,-68.21644211647555,27506.213453774973,SATURATED (Big but Flat)
Tamil Nadu,Tirunelveli,5844.139060655463,1855.6458470192233,-68.23607055790009,47530.2445340198,SATURATED (Big but Flat)
Uttar Pradesh,Shahjahanpur,3827.3533655132806,1213.5494005105713,-68.27488780289924,30096.80417275598,SATURATED (Big but Flat)
Madhya Pradesh,Indore,4323.637989241199,1361.1300801357106,-68.50302653021114,34425.280749971556,SATURATED (Big but Flat)
Maharashtra,Osmanabad,4069.068505499222,1269.1266836834704,-68.79348143729388,30668.21461022874,SATURATED (Big but Flat)
Tamil Nadu,Coimbatore,5286.97280215318,1646.9647869377868,-68.83560395267612,42875.05228338329,SATURATED (Big but Flat)
Maharashtra,Hingoli,4232.460416402247,1313.2560821134045,-68.95551268127106,32347.447433959227,SATURATED (Big but Flat)
Rajasthan,Bikaner,3013.4989008285543,932.6986143851163,-69.02640720391427,23049.553225429485,SATURATED (Big but Flat)
Bihar,Samastipur,3289.785851378386,1009.0509405673708,-69.30669492989648,24756.025572961717,SATURATED (Big but Flat)
Chhattisgarh,Baloda Bazar,6024.058072473944,1845.5300818997225,-69.35249320938875,45246.96306017021,SATURATED (Big but Flat)
Maharashtra,Akola,4502.660571911017,1374.8190936267183,-69.45109269096353,34285.66588292643,SATURATED (Big but Flat)
Tamil Nadu,Krishnagiri,2942.626703219503,897.8670542978628,-69.4639590911866,22503.139162005034,SATURATED (Big but Flat)
Maharashtra,Jalna,5535.2589006060025,1686.1235437978921,-69.5259276329505,42658.61362904143,SATURATED (Big but Flat)
Andhra Pradesh,Krishna,6093.9691696368045,1852.6455073796515,-69.58728656719178,46131.082827511804,SATURATED (Big but Flat)
Uttar Pradesh,Deoria,3524.4207318256026,1066.2168028579918,-69.7279591844533,26635.590261287165,SATURATED (Big but Flat)
Madhya Pradesh,Bhopal,4127.969486745675,1246.7983310210939,-69.77942474443981,32018.11250142715,SATURATED (Big but Flat)
Maharashtra,Kolhapur,6245.191147496871,1874.4428905419388,-69.97461578975992,49119.6553673052,SATURATED (Big but Flat)
Maharashtra,Sangli,6003.374873138631,1801.097887830821,-69.98691910638782,46977.29711312499,SATURATED (Big but Flat)
Tamil Nadu,Salem,5631.775913411699,1687.0911290479257,-70.03091983424082,44691.77423294156,SATURATED (Big but Flat)
Tamil Nadu,Chennai,5673.701582177063,1680.8396439289095,-70.36250066063064,44777.3651559832,SATURATED (Big but Flat)
Uttar Pradesh,Bara Banki,4303.482346133374,1270.4127019777857,-70.46305223856083,33802.9240630535,SATURATED (Big but Flat)
Maharashtra,Buldhana,6411.352227600234,1891.6326919246392,-70.4845799989228,48007.34234170953,SATURATED (Big but Flat)
Maharashtra,Raigarh,5589.555453543173,1629.0666270973977,-70.84249247426216,42342.190821754855,SATURATED (Big but Flat)
Uttarakhand,Udham Singh Nagar,4729.717603967014,1378.3315106431028,-70.84308077306403,35156.30885408239,SATURATED (Big but Flat)
Uttar Pradesh,Kushinagar,3753.490255697231,1090.7016701048226,-70.92277258015983,28636.15223354173,SATURATED (Big but Flat)
Tamil Nadu,Madurai,5655.0371681816005,1640.795872784098,-70.97268239289292,44071.454282580526,SATURATED (Big but Flat)
West Bengal,Barddhaman,3291.6598197648855,954.2972192338966,-70.98706603398495,24114.78009641885,SATURATED (Big but Flat)
Chhattisgarh,Bastar,5048.4746996891945,1460.9825394382328,-71.04683900033758,38303.42508348487,SATURATED (Big but Flat)
Tamil Nadu,Erode,4164.134647391767,1200.019693114247,-71.16492515154744,32522.723721202114,SATURATED (Big but Flat)
Chhattisgarh,Durg,5706.2280394578875,1629.1018520308567,-71.43794078735121,42526.237398686484,SATURATED (Big but Flat)
Tamil Nadu,Vellore,5552.68180704792,1579.1139616756186,-71.54835266812785,44100.82338556794,SATURATED (Big but Flat)
Uttarakhand,Haridwar,4437.523055828735,1259.760028033096,-71.59505510785965,32212.372054498475,SATURATED (Big but Flat)
Uttarakhand,Dehradun,4240.691408534226,1201.3000550221918,-71.65517386287978,31337.700025353155,SATURATED (Big but Flat)
Chhattisgarh,Rajnandgaon,5164.429125918351,1459.620285960171,-71.72315696616029,38125.02304062397,SATURATED (Big but Flat)
Tamil Nadu,Cuddalore,5756.4261186699005,1624.0174603248167,-71.77527897309372,43935.37954976729,SATURATED (Big but Flat)
Bihar,Katihar,3406.138746965018,959.6306361550828,-71.80535612144398,24908.00309534683,SATURATED (Big but Flat)
Maharashtra,Chandrapur,5463.575693393148,1536.382040572719,-71.86639682873339,39157.038297389256,SATURATED (Big but Flat)
Bihar,Purnia,3248.902670003719,911.5475379562621,-71.92077330872134,23768.398950344377,SATURATED (Big but Flat)
Andhra Pradesh,Srikakulam,4240.881505796687,1189.2412097316837,-71.9407246971615,30589.232629923878,SATURATED (Big but Flat)
Maharashtra,Parbhani,5167.249835473014,1444.3916426744609,-72.03324744957547,38611.91102247615,SATURATED (Big but Flat)
Chhattisgarh,Mungeli,4320.757020351706,1207.5469015908272,-72.03575083236689,31068.23498256874,SATURATED (Big but Flat)
Chhattisgarh,Mahasamund,4376.164133994771,1216.6012057167272,-72.18287529452324,31494.116339157557,SATURATED (Big but Flat)
Andhra Pradesh,Vizianagaram,4471.127814287436,1242.9435037500348,-72.18452702143448,32780.76831649904,SATURATED (Big but Flat)
Tamil Nadu,Tiruppur,4376.8541969231055,1212.2396943583228,-72.28688668501053,33814.598786408074,SATURATED (Big but Flat)
Kerala,Kozhikode,3200.9476728622612,880.9876352196746,-72.45465181411741,22652.094186950417,SATURATED (Big but Flat)
Chhattisgarh,Surguja,5398.653288960254,1485.219345521032,-72.47565230605362,39375.82235842098,SATURATED (Big but Flat)
Chhattisgarh,Bemetara,4297.015905359117,1175.5543681476563,-72.62563950308717,29925.293081713477,SATURATED (Big but Flat)
Bihar,West Champaran,3012.2535195798137,811.844178864938,-73.02436805986753,21388.589336276676,SATURATED (Big but Flat)
Madhya Pradesh,Chhindwara,3232.0898848888296,862.7055649225247,-73.28544532710313,22714.671751954324,SATURATED (Big but Flat)
Maharashtra,Satara,5555.266685501216,1475.0743649957176,-73.43406196021051,39751.75136363859,SATURATED (Big but Flat)
Karnataka,Bangalore,4165.418955846534,1105.529062871077,-73.44172358571049,29880.923742153052,SATURATED (Big but Flat)
Tamil Nadu,Dindigul,5061.064077114347,1341.8796154797597,-73.4716985991755,38103.02726036684,SATURATED (Big but Flat)
Madhya Pradesh,Ratlam,3738.0544007391027,958.6995318227417,-74.33309524373229,27311.50296946238,SATURATED (Big but Flat)
Tamil Nadu,Pudukkottai,4347.959090837518,1099.1169495318964,-74.70390209349988,31532.87363584616,SATURATED (Big but Flat)
Odisha,Ganjam,4017.2786778717955,1000.9613395080905,-75.06491162432864,28887.522653523585,SATURATED (Big but Flat)
Andhra Pradesh,Cuddapah,4277.186395319297,1062.781236887899,-75.13476182216449,30296.716296665167,SATURATED (Big but Flat)
Tamil Nadu,Dharmapuri,4078.6789233031122,1007.1987957020526,-75.28730043084457,29031.691180409664,SATURATED (Big but Flat)
Tamil Nadu,Thanjavur,4892.153533048528,1172.7239100445076,-76.01293517325513,35943.587358827564,SATURATED (Big but Flat)
Madhya Pradesh,Balaghat,3214.9941142851703,743.2471389942966,-76.85794461848003,21717.380713973325,SATURATED (Big but Flat)
Tamil Nadu,Thoothukkudi,4744.697123825619,999.266925982887,-78.92265562079216,31842.92601550967,SATURATED (Big but Flat)
Punjab,Nawanshahr,362.37357035705315,427.33864834050183,17.878316774556165,4693.0979965780025,EMERGING (Small but Fast)
Himachal Pradesh,Kullu,1347.6695203194304,1428.2552264198478,5.975200364973828,18173.92678733579,EMERGING (Small but Fast)
